{"cameraMode":{"drawMode":0,"name":"Shaded","section":"Shading Mode"},"sceneLighting":true,"audioPlay":false,"sceneViewState":{"showFog":true,"showMaterialUpdate":false,"showSkybox":true,"showFlares":true,"showImageEffects":true,"showParticleSystems":true},"in2DMode":false,"pivot":{"x":6.322319030761719,"y":-5.165363311767578,"z":-5.528384208679199},"rotation":{"x":-0.19300979375839234,"y":0.7404376864433289,"z":-0.23906958103179933,"w":-0.5977833867073059},"size":88.69146728515625,"orthographic":false}